{
  "HiddenWeights-0": {
    "data": [
      -9.537446022033691,
      8.98371410369873,
      10.676612854003906,
      -10.107537269592285,
      10.449295043945312,
      -10.902132987976074,
      9.860712051391602,
      -10.320319175720215
    ],
    "rows": 4,
    "cols": 2
  },
  "InputNodes": 2,
  "OutputNodes": 1,
  "OutputBias": {
    "data": [-0.5570417046546936],
    "rows": 1,
    "cols": 1
  },
  "OutputWeights": {
    "data": [
      -0.6702286601066589,
      1.969632625579834,
      -3.5204355716705322,
      3.139147996902466
    ],
    "rows": 1,
    "cols": 4
  },
  "HiddenNodes": [
    4,
    4
  ],
  "HiddenBias-0": {
    "data": [
      -5.426141262054443,
      5.951775074005127,
      -5.5902018547058105,
      -5.315003395080566
    ],
    "rows": 4,
    "cols": 1
  },
  "HiddenBias-1": {
    "data": [
      0.5053274631500244,
      -0.4297717213630676,
      -0.44179171323776245,
      0.20524699985980988
    ],
    "rows": 4,
    "cols": 1
  },
  "HiddenLayers": 2,
  "HiddenWeights-1": {
    "data": [
      -1.3416575193405151,
      1.9801603555679321,
      -1.0418541431427002,
      -0.9438205361366272,
      2.984049081802368,
      -3.5484778881073,
      3.687168598175049,
      3.452637195587158,
      -2.890481472015381,
      5.101473331451416,
      -4.849071979522705,
      -3.7053279876708984,
      3.166414737701416,
      -4.8013715744018555,
      4.632190704345703,
      3.767882823944092
    ],
    "rows": 4,
    "cols": 4
  }
}